UKPRN,PROVIDER_NAME,KISCOURSEID,KISMODE,COURSE_TITLE,DATASET_ITEM_AFFECTED,SBJ,WEBSITE_SECTION,DATE,NOTES
10003861,Leeds Beckett University,BARCH_C470,01,Architecture,KISCOURSE,N/A,All sections,07/10/2025,New
10003861,Leeds Beckett University,BARCH_C470,02,Architecture,KISCOURSE,N/A,All sections,07/10/2025,New
10003861,Leeds Beckett University,BUSST_A386,01,Business Studies,KISCOURSE,N/A,All sections,07/10/2025,Removed
10003861,Leeds Beckett University,BUSST_A386,02,Business Studies,KISCOURSE,N/A,All sections,07/10/2025,Removed
10004879,OPEN COLLEGE OF THE ARTS,A53,02,Visual Communications,KISCOURSE,N/A,All sections,16/10/2025,New
10005337,"Queen Margaret University, Edinburgh",BAHAPRS,01,Acting and Performance,COMMON,CAH25-02-03,Employment 15 months after the course,16/10/2025,Updated
10005337,"Queen Margaret University, Edinburgh",BAHAPRS,01,Acting and Performance,CONTINUATION,CAH25-02-03,After 1 year on the course,16/10/2025,Updated
10005337,"Queen Margaret University, Edinburgh",BAHAPRS,01,Acting and Performance,EMPLOYMENT,CAH25-02-03,Employment 15 months after the course,16/10/2025,Updated
10005337,"Queen Margaret University, Edinburgh",BAHAPRS,01,Acting and Performance,GOVOICEWORK,CAH25-02-03,Graduate perceptions,16/10/2025,Updated
10005337,"Queen Margaret University, Edinburgh",BAHAPRS,01,Acting and Performance,JOBTYPE,CAH25-02-03,Employment 15 months after the course,16/10/2025,Updated
10005337,"Queen Margaret University, Edinburgh",BAHAPRS,01,Acting and Performance,GOSALARY,CAH25-02-03,Earnings after the course,16/10/2025,Updated
10005337,"Queen Margaret University, Edinburgh",BAHBUMAYTS,01,Business Management with Analytics,KISCOURSE,N/A,All sections,16/10/2025,New
10005337,"Queen Margaret University, Edinburgh",BAHBUMDMKS,01,Business Management with Digital Marketing,KISCOURSE,N/A,All sections,16/10/2025,New
10005337,"Queen Margaret University, Edinburgh",BAHBUMFINS,01,Business Management with Finance,KISCOURSE,N/A,All sections,16/10/2025,New
10005337,"Queen Margaret University, Edinburgh",BAHBUMHRMS,01,Business Management with Human Resource Management,KISCOURSE,N/A,All sections,16/10/2025,New
10005337,"Queen Margaret University, Edinburgh",BAHBUMS,01,Business Management,CONTINUATION,,After 1 year on the course,16/10/2025,New
10005337,"Queen Margaret University, Edinburgh",BAHBUMS,01,Business Management,CONTINUATION,CAH17-01-01,After 1 year on the course,16/10/2025,Removed
10005337,"Queen Margaret University, Edinburgh",BAHBUMS,01,Business Management,NSS,,Student satisfaction,16/10/2025,Updated
10005337,"Queen Margaret University, Edinburgh",BAHBUMS,01,Business Management,NSSCOUNTRY,,Student satisfaction,16/10/2025,Updated
10005337,"Queen Margaret University, Edinburgh",BAHBUSPSYS,01,Business Psychology,KISCOURSE,N/A,All sections,16/10/2025,New
10005337,"Queen Margaret University, Edinburgh",BAHCDCS,01,Costume Design and Construction,COMMON,CAH25-02-03,Employment 15 months after the course,16/10/2025,Updated
10005337,"Queen Margaret University, Edinburgh",BAHCDCS,01,Costume Design and Construction,CONTINUATION,CAH25-02-03,After 1 year on the course,16/10/2025,Updated
10005337,"Queen Margaret University, Edinburgh",BAHCDCS,01,Costume Design and Construction,EMPLOYMENT,CAH25-02-03,Employment 15 months after the course,16/10/2025,Updated
10005337,"Queen Margaret University, Edinburgh",BAHCDCS,01,Costume Design and Construction,GOVOICEWORK,CAH25-02-03,Graduate perceptions,16/10/2025,Updated
10005337,"Queen Margaret University, Edinburgh",BAHCDCS,01,Costume Design and Construction,JOBTYPE,CAH25-02-03,Employment 15 months after the course,16/10/2025,Updated
10005337,"Queen Margaret University, Edinburgh",BAHCDCS,01,Costume Design and Construction,NSS,,Student satisfaction,16/10/2025,New
10005337,"Queen Margaret University, Edinburgh",BAHCDCS,01,Costume Design and Construction,NSS,CAH25-02-03,Student satisfaction,16/10/2025,Removed
10005337,"Queen Margaret University, Edinburgh",BAHCDCS,01,Costume Design and Construction,NSSCOUNTRY,,Student satisfaction,16/10/2025,Updated
10005337,"Queen Margaret University, Edinburgh",BAHCDCS,01,Costume Design and Construction,GOSALARY,CAH25-02-03,Earnings after the course,16/10/2025,Updated
10005337,"Queen Margaret University, Edinburgh",BAHDGDS,01,Digital and Graphic Design,KISCOURSE,N/A,All sections,16/10/2025,New
10005337,"Queen Margaret University, Edinburgh",BAHDMPRS,01,Digital Marketing and Public Relations,CONTINUATION,CAH17-01-06,After 1 year on the course,16/10/2025,Removed
10005337,"Queen Margaret University, Edinburgh",BAHDMPRS,01,Digital Marketing and Public Relations,ENTRY,CAH17-01-06,Entry information,16/10/2025,Removed
10005337,"Queen Margaret University, Edinburgh",BAHDMPRS,01,Digital Marketing and Public Relations,NSS,CAH17-01-06,Student satisfaction,16/10/2025,Removed
10005337,"Queen Margaret University, Edinburgh",BAHDMPRS,01,Digital Marketing and Public Relations,NSSCOUNTRY,,Student satisfaction,16/10/2025,Removed
10005337,"Queen Margaret University, Edinburgh",BAHDMPRS,01,Digital Marketing and Public Relations,TARIFF,CAH17-01-06,Entry information,16/10/2025,Removed
10005337,"Queen Margaret University, Edinburgh",BAHDRAS,01,Drama,ENTRY,,Entry information,16/10/2025,Updated
10005337,"Queen Margaret University, Edinburgh",BAHDRAS,01,Drama,NSS,,Student satisfaction,16/10/2025,Updated
10005337,"Queen Margaret University, Edinburgh",BAHDRAS,01,Drama,NSSCOUNTRY,,Student satisfaction,16/10/2025,Updated
10005337,"Queen Margaret University, Edinburgh",BAHDRAS,01,Drama,TARIFF,,Entry information,16/10/2025,Updated
10005337,"Queen Margaret University, Edinburgh",BAHEDUS,01,Education,KISCOURSE,N/A,All sections,16/10/2025,New
10005337,"Queen Margaret University, Edinburgh",BAHESTS,01,Education Studies,COMMON,,Employment 15 months after the course,16/10/2025,New
10005337,"Queen Margaret University, Edinburgh",BAHESTS,01,Education Studies,COMMON,CAH22-01,Employment 15 months after the course,16/10/2025,Removed
10005337,"Queen Margaret University, Edinburgh",BAHESTS,01,Education Studies,CONTINUATION,,After 1 year on the course,16/10/2025,New
10005337,"Queen Margaret University, Edinburgh",BAHESTS,01,Education Studies,CONTINUATION,CAH22-01-01,After 1 year on the course,16/10/2025,Removed
10005337,"Queen Margaret University, Edinburgh",BAHESTS,01,Education Studies,EMPLOYMENT,,Employment 15 months after the course,16/10/2025,New
10005337,"Queen Margaret University, Edinburgh",BAHESTS,01,Education Studies,EMPLOYMENT,CAH22-01,Employment 15 months after the course,16/10/2025,Removed
10005337,"Queen Margaret University, Edinburgh",BAHESTS,01,Education Studies,GOVOICEWORK,CAH22-01,Graduate perceptions,16/10/2025,Updated
10005337,"Queen Margaret University, Edinburgh",BAHESTS,01,Education Studies,JOBTYPE,,Employment 15 months after the course,16/10/2025,New
10005337,"Queen Margaret University, Edinburgh",BAHESTS,01,Education Studies,JOBTYPE,CAH22-01,Employment 15 months after the course,16/10/2025,Removed
10005337,"Queen Margaret University, Edinburgh",BAHESTS,01,Education Studies,GOSALARY,CAH22-01,Earnings after the course,16/10/2025,Updated
10005337,"Queen Margaret University, Edinburgh",BAHFILJMEAJ,01,Film and Media,COMMON,,Employment 15 months after the course,16/10/2025,New
10005337,"Queen Margaret University, Edinburgh",BAHFILJMEAJ,01,Film and Media,COMMON,CAH24-01,Employment 15 months after the course,16/10/2025,Removed
10005337,"Queen Margaret University, Edinburgh",BAHFILJMEAJ,01,Film and Media,CONTINUATION,,After 1 year on the course,16/10/2025,New
10005337,"Queen Margaret University, Edinburgh",BAHFILJMEAJ,01,Film and Media,CONTINUATION,CAH24-01-05,After 1 year on the course,16/10/2025,Removed
10005337,"Queen Margaret University, Edinburgh",BAHFILJMEAJ,01,Film and Media,EMPLOYMENT,,Employment 15 months after the course,16/10/2025,New
10005337,"Queen Margaret University, Edinburgh",BAHFILJMEAJ,01,Film and Media,EMPLOYMENT,CAH24-01,Employment 15 months after the course,16/10/2025,Removed
10005337,"Queen Margaret University, Edinburgh",BAHFILJMEAJ,01,Film and Media,GOVOICEWORK,CAH24-01,Graduate perceptions,16/10/2025,Updated
10005337,"Queen Margaret University, Edinburgh",BAHFILJMEAJ,01,Film and Media,JOBTYPE,,Employment 15 months after the course,16/10/2025,New
10005337,"Queen Margaret University, Edinburgh",BAHFILJMEAJ,01,Film and Media,JOBTYPE,CAH24-01,Employment 15 months after the course,16/10/2025,Removed
10005337,"Queen Margaret University, Edinburgh",BAHFILJMEAJ,01,Film and Media,GOSALARY,CAH24-01,Earnings after the course,16/10/2025,Updated
10005337,"Queen Margaret University, Edinburgh",BAHIHTES,01,"International Hospitality, Tourism and Events Management",ENTRY,,Entry information,16/10/2025,Updated
10005337,"Queen Margaret University, Edinburgh",BAHPEDS,01,Education Studies (Primary),KISCOURSE,N/A,All sections,16/10/2025,New
10005337,"Queen Margaret University, Edinburgh",BSHNURS,01,Nursing,KISCOURSE,N/A,All sections,16/10/2025,New
10005337,"Queen Margaret University, Edinburgh",BSHPSOS,01,Public Sociology,COMMON,,Employment 15 months after the course,16/10/2025,New
10005337,"Queen Margaret University, Edinburgh",BSHPSOS,01,Public Sociology,COMMON,CAH15-01-02,Employment 15 months after the course,16/10/2025,Removed
10005337,"Queen Margaret University, Edinburgh",BSHPSOS,01,Public Sociology,CONTINUATION,,After 1 year on the course,16/10/2025,New
10005337,"Queen Margaret University, Edinburgh",BSHPSOS,01,Public Sociology,CONTINUATION,CAH15-01-02,After 1 year on the course,16/10/2025,Removed
10005337,"Queen Margaret University, Edinburgh",BSHPSOS,01,Public Sociology,EMPLOYMENT,,Employment 15 months after the course,16/10/2025,New
10005337,"Queen Margaret University, Edinburgh",BSHPSOS,01,Public Sociology,EMPLOYMENT,CAH15-01-02,Employment 15 months after the course,16/10/2025,Removed
10005337,"Queen Margaret University, Edinburgh",BSHPSOS,01,Public Sociology,GOVOICEWORK,CAH15-01-02,Graduate perceptions,16/10/2025,Updated
10005337,"Queen Margaret University, Edinburgh",BSHPSOS,01,Public Sociology,JOBTYPE,,Employment 15 months after the course,16/10/2025,New
10005337,"Queen Margaret University, Edinburgh",BSHPSOS,01,Public Sociology,JOBTYPE,CAH15-01-02,Employment 15 months after the course,16/10/2025,Removed
10005337,"Queen Margaret University, Edinburgh",BSHPSOS,01,Public Sociology,GOSALARY,,Earnings after the course,16/10/2025,Updated
10005337,"Queen Margaret University, Edinburgh",BSHPSOS,01,Public Sociology,TARIFF,,Entry information,16/10/2025,New
10005337,"Queen Margaret University, Edinburgh",BSHPSOS,01,Public Sociology,TARIFF,CAH15-01-02,Entry information,16/10/2025,Removed
10005337,"Queen Margaret University, Edinburgh",BSHPSYJSOCJ,01,Psychology and Sociology,COMMON,CAH04-01-01,Employment 15 months after the course,16/10/2025,Updated
10005337,"Queen Margaret University, Edinburgh",BSHPSYJSOCJ,01,Psychology and Sociology,COMMON,CAH15-01-02,Employment 15 months after the course,16/10/2025,Updated
10005337,"Queen Margaret University, Edinburgh",BSHPSYJSOCJ,01,Psychology and Sociology,CONTINUATION,,After 1 year on the course,16/10/2025,New
10005337,"Queen Margaret University, Edinburgh",BSHPSYJSOCJ,01,Psychology and Sociology,CONTINUATION,CAH04-01-01,After 1 year on the course,16/10/2025,Removed
10005337,"Queen Margaret University, Edinburgh",BSHPSYJSOCJ,01,Psychology and Sociology,CONTINUATION,CAH15-01-02,After 1 year on the course,16/10/2025,Removed
10005337,"Queen Margaret University, Edinburgh",BSHPSYJSOCJ,01,Psychology and Sociology,EMPLOYMENT,CAH04-01-01,Employment 15 months after the course,16/10/2025,Updated
10005337,"Queen Margaret University, Edinburgh",BSHPSYJSOCJ,01,Psychology and Sociology,EMPLOYMENT,CAH15-01-02,Employment 15 months after the course,16/10/2025,Updated
10005337,"Queen Margaret University, Edinburgh",BSHPSYJSOCJ,01,Psychology and Sociology,GOVOICEWORK,CAH04-01-01,Graduate perceptions,16/10/2025,Updated
10005337,"Queen Margaret University, Edinburgh",BSHPSYJSOCJ,01,Psychology and Sociology,GOVOICEWORK,CAH15-01-02,Graduate perceptions,16/10/2025,Updated
10005337,"Queen Margaret University, Edinburgh",BSHPSYJSOCJ,01,Psychology and Sociology,JOBTYPE,CAH04-01-01,Employment 15 months after the course,16/10/2025,Updated
10005337,"Queen Margaret University, Edinburgh",BSHPSYJSOCJ,01,Psychology and Sociology,JOBTYPE,CAH15-01-02,Employment 15 months after the course,16/10/2025,Updated
10005337,"Queen Margaret University, Edinburgh",BSHPSYJSOCJ,01,Psychology and Sociology,NSS,,Student satisfaction,16/10/2025,New
10005337,"Queen Margaret University, Edinburgh",BSHPSYJSOCJ,01,Psychology and Sociology,NSS,CAH04-01-01,Student satisfaction,16/10/2025,Removed
10005337,"Queen Margaret University, Edinburgh",BSHPSYJSOCJ,01,Psychology and Sociology,NSS,CAH15-01-02,Student satisfaction,16/10/2025,Removed
10005337,"Queen Margaret University, Edinburgh",BSHPSYJSOCJ,01,Psychology and Sociology,NSSCOUNTRY,,Student satisfaction,16/10/2025,Updated
10005337,"Queen Margaret University, Edinburgh",BSHPSYJSOCJ,01,Psychology and Sociology,GOSALARY,CAH04-01-01,Earnings after the course,16/10/2025,Updated
10005337,"Queen Margaret University, Edinburgh",BSHPSYS,01,Psychology,COMMON,,Employment 15 months after the course,16/10/2025,New
10005337,"Queen Margaret University, Edinburgh",BSHPSYS,01,Psychology,COMMON,CAH04-01-01,Employment 15 months after the course,16/10/2025,Removed
10005337,"Queen Margaret University, Edinburgh",BSHPSYS,01,Psychology,CONTINUATION,,After 1 year on the course,16/10/2025,New
10005337,"Queen Margaret University, Edinburgh",BSHPSYS,01,Psychology,CONTINUATION,CAH04-01-01,After 1 year on the course,16/10/2025,Removed
10005337,"Queen Margaret University, Edinburgh",BSHPSYS,01,Psychology,EMPLOYMENT,,Employment 15 months after the course,16/10/2025,New
10005337,"Queen Margaret University, Edinburgh",BSHPSYS,01,Psychology,EMPLOYMENT,CAH04-01-01,Employment 15 months after the course,16/10/2025,Removed
10005337,"Queen Margaret University, Edinburgh",BSHPSYS,01,Psychology,GOVOICEWORK,CAH04-01-01,Graduate perceptions,16/10/2025,Updated
10005337,"Queen Margaret University, Edinburgh",BSHPSYS,01,Psychology,JOBTYPE,,Employment 15 months after the course,16/10/2025,New
10005337,"Queen Margaret University, Edinburgh",BSHPSYS,01,Psychology,JOBTYPE,CAH04-01-01,Employment 15 months after the course,16/10/2025,Removed
10005337,"Queen Margaret University, Edinburgh",BSHPSYS,01,Psychology,GOSALARY,CAH04-01-01,Earnings after the course,16/10/2025,Updated
10005337,"Queen Margaret University, Edinburgh",BSHSLTS,01,Speech and Language Therapy,KISCOURSE,N/A,All sections,16/10/2025,New
10005337,"Queen Margaret University, Edinburgh",BSHSOCS,01,Sociology,KISCOURSE,N/A,All sections,16/10/2025,New
10005337,"Queen Margaret University, Edinburgh",BSONUR,01,Nursing,KISCOURSE,N/A,All sections,16/10/2025,New
10005337,"Queen Margaret University, Edinburgh",BSOPSC,01,Paramedic Science,COMMON,CAH02-06-01,Employment 15 months after the course,16/10/2025,Updated
10005337,"Queen Margaret University, Edinburgh",BSOPSC,01,Paramedic Science,CONTINUATION,,After 1 year on the course,16/10/2025,New
10005337,"Queen Margaret University, Edinburgh",BSOPSC,01,Paramedic Science,CONTINUATION,CAH02-06-01,After 1 year on the course,16/10/2025,Removed
10005337,"Queen Margaret University, Edinburgh",BSOPSC,01,Paramedic Science,EMPLOYMENT,CAH02-06-01,Employment 15 months after the course,16/10/2025,Updated
10005337,"Queen Margaret University, Edinburgh",BSOPSC,01,Paramedic Science,GOVOICEWORK,CAH02-06-01,Graduate perceptions,16/10/2025,Updated
10005337,"Queen Margaret University, Edinburgh",BSOPSC,01,Paramedic Science,JOBTYPE,CAH02-06-01,Employment 15 months after the course,16/10/2025,Updated
10005337,"Queen Margaret University, Edinburgh",BSOPSC,01,Paramedic Science,GOSALARY,CAH02-06-01,Earnings after the course,16/10/2025,Updated
10005337,"Queen Margaret University, Edinburgh",MDIET,01,Dietetics,ENTRY,,Entry information,16/10/2025,Updated
10005337,"Queen Margaret University, Edinburgh",MDIET,01,Dietetics,NSS,,Student satisfaction,16/10/2025,New
10005337,"Queen Margaret University, Edinburgh",MDIET,01,Dietetics,NSS,CAH02-06-02,Student satisfaction,16/10/2025,Removed
10005337,"Queen Margaret University, Edinburgh",MDIET,01,Dietetics,NSSCOUNTRY,,Student satisfaction,16/10/2025,Updated
10005337,"Queen Margaret University, Edinburgh",MDIET,01,Dietetics,TARIFF,,Entry information,16/10/2025,New
10005337,"Queen Margaret University, Edinburgh",MDIET,01,Dietetics,TARIFF,CAH02-06-02,Entry information,16/10/2025,Removed
10005337,"Queen Margaret University, Edinburgh",MDRAD25,01,Radiography: Diagnostic,KISCOURSE,N/A,All sections,16/10/2025,New
10005337,"Queen Margaret University, Edinburgh",MNUR,01,Nursing,CONTINUATION,,After 1 year on the course,16/10/2025,New
10005337,"Queen Margaret University, Edinburgh",MNUR,01,Nursing,CONTINUATION,CAH02-04-02,After 1 year on the course,16/10/2025,Removed
10005337,"Queen Margaret University, Edinburgh",MNUR,01,Nursing,NSS,,Student satisfaction,16/10/2025,Updated
10005337,"Queen Margaret University, Edinburgh",MNUR,01,Nursing,NSSCOUNTRY,,Student satisfaction,16/10/2025,Updated
10005337,"Queen Margaret University, Edinburgh",MNUT,01,Nutrition,ENTRY,CAH02-06-02,Entry information,16/10/2025,New
10005337,"Queen Margaret University, Edinburgh",MNUT,01,Nutrition,ENTRY,,Entry information,16/10/2025,Removed
10005337,"Queen Margaret University, Edinburgh",MNUT,01,Nutrition,NHSNSS,,Student satisfaction,16/10/2025,Updated
10005337,"Queen Margaret University, Edinburgh",MNUT,01,Nutrition,NSS,CAH02-06-02,Student satisfaction,16/10/2025,New
10005337,"Queen Margaret University, Edinburgh",MNUT,01,Nutrition,NSS,,Student satisfaction,16/10/2025,Removed
10005337,"Queen Margaret University, Edinburgh",MNUT,01,Nutrition,NSSCOUNTRY,,Student satisfaction,16/10/2025,Updated
10005337,"Queen Margaret University, Edinburgh",MNUT,01,Nutrition,TARIFF,CAH02-06-02,Entry information,16/10/2025,Updated
10005337,"Queen Margaret University, Edinburgh",MOCCTHER,01,Occupational Therapy,CONTINUATION,,After 1 year on the course,16/10/2025,New
10005337,"Queen Margaret University, Edinburgh",MOCCTHER,01,Occupational Therapy,CONTINUATION,CAH02-06-07,After 1 year on the course,16/10/2025,Removed
10005337,"Queen Margaret University, Edinburgh",MOCCTHER,01,Occupational Therapy,EMPLOYMENT,CAH02-06-07,Employment 15 months after the course,16/10/2025,New
10005337,"Queen Margaret University, Edinburgh",MOCCTHER,01,Occupational Therapy,EMPLOYMENT,,Employment 15 months after the course,16/10/2025,Removed
10005337,"Queen Margaret University, Edinburgh",MOCCTHER,01,Occupational Therapy,NSS,,Student satisfaction,16/10/2025,Updated
10005337,"Queen Margaret University, Edinburgh",MOCCTHER,01,Occupational Therapy,NSSCOUNTRY,,Student satisfaction,16/10/2025,Updated
10005337,"Queen Margaret University, Edinburgh",MPHYS,01,Physiotherapy,COMMON,CAH02-06-05,Employment 15 months after the course,16/10/2025,New
10005337,"Queen Margaret University, Edinburgh",MPHYS,01,Physiotherapy,COMMON,,Employment 15 months after the course,16/10/2025,Removed
10005337,"Queen Margaret University, Edinburgh",MPHYS,01,Physiotherapy,CONTINUATION,,After 1 year on the course,16/10/2025,New
10005337,"Queen Margaret University, Edinburgh",MPHYS,01,Physiotherapy,CONTINUATION,CAH02-06-05,After 1 year on the course,16/10/2025,Removed
10005337,"Queen Margaret University, Edinburgh",MPHYS,01,Physiotherapy,EMPLOYMENT,CAH02-06-05,Employment 15 months after the course,16/10/2025,New
10005337,"Queen Margaret University, Edinburgh",MPHYS,01,Physiotherapy,EMPLOYMENT,,Employment 15 months after the course,16/10/2025,Removed
10005337,"Queen Margaret University, Edinburgh",MPHYS,01,Physiotherapy,GOVOICEWORK,CAH02-06-05,Graduate perceptions,16/10/2025,Updated
10005337,"Queen Margaret University, Edinburgh",MPHYS,01,Physiotherapy,JOBTYPE,CAH02-06-05,Employment 15 months after the course,16/10/2025,New
10005337,"Queen Margaret University, Edinburgh",MPHYS,01,Physiotherapy,JOBTYPE,,Employment 15 months after the course,16/10/2025,Removed
10005337,"Queen Margaret University, Edinburgh",MPHYS,01,Physiotherapy,NSS,,Student satisfaction,16/10/2025,Updated
10005337,"Queen Margaret University, Edinburgh",MPHYS,01,Physiotherapy,NSSCOUNTRY,,Student satisfaction,16/10/2025,Updated
10005337,"Queen Margaret University, Edinburgh",MPHYS,01,Physiotherapy,GOSALARY,CAH02-06-05,Earnings after the course,16/10/2025,Updated
10005337,"Queen Margaret University, Edinburgh",MPOD,01,Podiatry,COMMON,CAH02-06-06,Employment 15 months after the course,16/10/2025,New
10005337,"Queen Margaret University, Edinburgh",MPOD,01,Podiatry,COMMON,,Employment 15 months after the course,16/10/2025,Removed
10005337,"Queen Margaret University, Edinburgh",MPOD,01,Podiatry,CONTINUATION,,After 1 year on the course,16/10/2025,New
10005337,"Queen Margaret University, Edinburgh",MPOD,01,Podiatry,CONTINUATION,CAH02-06-06,After 1 year on the course,16/10/2025,Removed
10005337,"Queen Margaret University, Edinburgh",MPOD,01,Podiatry,EMPLOYMENT,CAH02-06-06,Employment 15 months after the course,16/10/2025,New
10005337,"Queen Margaret University, Edinburgh",MPOD,01,Podiatry,EMPLOYMENT,,Employment 15 months after the course,16/10/2025,Removed
10005337,"Queen Margaret University, Edinburgh",MPOD,01,Podiatry,JOBTYPE,CAH02-06-06,Employment 15 months after the course,16/10/2025,New
10005337,"Queen Margaret University, Edinburgh",MPOD,01,Podiatry,JOBTYPE,,Employment 15 months after the course,16/10/2025,Removed
10005337,"Queen Margaret University, Edinburgh",MPOD,01,Podiatry,NSS,CAH02-06-06,Student satisfaction,16/10/2025,New
10005337,"Queen Margaret University, Edinburgh",MPOD,01,Podiatry,NSS,,Student satisfaction,16/10/2025,Removed
10005337,"Queen Margaret University, Edinburgh",MPOD,01,Podiatry,NSSCOUNTRY,,Student satisfaction,16/10/2025,Updated
10005337,"Queen Margaret University, Edinburgh",MPOD,01,Podiatry,TARIFF,,Entry information,16/10/2025,New
10005337,"Queen Margaret University, Edinburgh",MPOD,01,Podiatry,TARIFF,CAH02-06-06,Entry information,16/10/2025,Removed
10005337,"Queen Margaret University, Edinburgh",MRTYONC,01,Radiotherapy and Oncology,KISCOURSE,N/A,All sections,16/10/2025,New
10005337,"Queen Margaret University, Edinburgh",MSLT,01,Speech and Language Therapy,COMMON,CAH02-06-01,Employment 15 months after the course,16/10/2025,Updated
10005337,"Queen Margaret University, Edinburgh",MSLT,01,Speech and Language Therapy,CONTINUATION,,After 1 year on the course,16/10/2025,New
10005337,"Queen Margaret University, Edinburgh",MSLT,01,Speech and Language Therapy,CONTINUATION,CAH02-06-01,After 1 year on the course,16/10/2025,Removed
10005337,"Queen Margaret University, Edinburgh",MSLT,01,Speech and Language Therapy,EMPLOYMENT,CAH02-06-01,Employment 15 months after the course,16/10/2025,New
10005337,"Queen Margaret University, Edinburgh",MSLT,01,Speech and Language Therapy,EMPLOYMENT,,Employment 15 months after the course,16/10/2025,Removed
10005337,"Queen Margaret University, Edinburgh",MSLT,01,Speech and Language Therapy,GOVOICEWORK,CAH02-06-01,Graduate perceptions,16/10/2025,Updated
10005337,"Queen Margaret University, Edinburgh",MSLT,01,Speech and Language Therapy,JOBTYPE,CAH02-06-01,Employment 15 months after the course,16/10/2025,Updated
10005337,"Queen Margaret University, Edinburgh",MSLT,01,Speech and Language Therapy,NSS,,Student satisfaction,16/10/2025,Updated
10005337,"Queen Margaret University, Edinburgh",MSLT,01,Speech and Language Therapy,NSSCOUNTRY,,Student satisfaction,16/10/2025,Updated
10005337,"Queen Margaret University, Edinburgh",MSLT,01,Speech and Language Therapy,GOSALARY,CAH02-06-01,Earnings after the course,16/10/2025,Updated
10005337,"Queen Margaret University, Edinburgh",MSLT,01,Speech and Language Therapy,TARIFF,,Entry information,16/10/2025,New
10005337,"Queen Margaret University, Edinburgh",MSLT,01,Speech and Language Therapy,TARIFF,CAH02-06-01,Entry information,16/10/2025,Removed
10005337,"Queen Margaret University, Edinburgh",BAHESPS,01,Education Studies (Primary),KISCOURSE,N/A,All sections,16/10/2025,Removed
10005337,"Queen Margaret University, Edinburgh",MDRAD,01,Radiography: Diagnostic,KISCOURSE,N/A,All sections,16/10/2025,Removed
10005337,"Queen Margaret University, Edinburgh",MTRAD,01,Radiotherapy and Oncology,KISCOURSE,N/A,All sections,16/10/2025,Removed
10005337,"Queen Margaret University, Edinburgh",UGDHAAUD,02,Hearing Aid Audiology,KISCOURSE,N/A,All sections,16/10/2025,Removed
10007773,The Open University,R75,02,Business and Economics,KISCOURSE,N/A,All sections,16/10/2025,New
10007773,The Open University,R76,02,Business and Law,KISCOURSE,N/A,All sections,16/10/2025,New
10007773,The Open University,W25,02,ificial Intelligence,KISCOURSE,N/A,All sections,16/10/2025,New
10007773,The Open University,W98,02,Business and Economics,KISCOURSE,N/A,All sections,16/10/2025,New
10007773,The Open University,W99,02,Business and Law,KISCOURSE,N/A,All sections,16/10/2025,New
10007807,Ulster University,8169,02,Games Design,NHSNSS,,Student satisfaction,16/10/2025,Updated
10007807,Ulster University,8169,02,Games Design,NSS,,Student satisfaction,16/10/2025,Updated
10007807,Ulster University,8169,02,Games Design,NSSCOUNTRY,,Student satisfaction,16/10/2025,Updated
10007807,Ulster University,8311,02,Communication and Counselling Studies,COMMON,CAH02,Employment 15 months after the course,16/10/2025,Updated
10007807,Ulster University,8311,02,Communication and Counselling Studies,EMPLOYMENT,CAH02,Employment 15 months after the course,16/10/2025,Updated
10007807,Ulster University,8311,02,Communication and Counselling Studies,GOVOICEWORK,CAH02,Graduate perceptions,16/10/2025,Updated
10007807,Ulster University,8311,02,Communication and Counselling Studies,JOBTYPE,CAH02,Employment 15 months after the course,16/10/2025,Updated
10007807,Ulster University,8311,02,Communication and Counselling Studies,GOSALARY,CAH02,Earnings after the course,16/10/2025,Updated
10007807,Ulster University,8400,01,Politics & International Studies,COMMON,,Employment 15 months after the course,16/10/2025,Updated
10007807,Ulster University,8400,01,Politics & International Studies,EMPLOYMENT,,Employment 15 months after the course,16/10/2025,Updated
10007807,Ulster University,8400,01,Politics & International Studies,GOVOICEWORK,,Graduate perceptions,16/10/2025,Updated
10007807,Ulster University,8400,01,Politics & International Studies,JOBTYPE,,Employment 15 months after the course,16/10/2025,Updated
10007807,Ulster University,8401,01,Politics & International Studies with Criminology,COMMON,,Employment 15 months after the course,16/10/2025,Updated
10007807,Ulster University,8401,01,Politics & International Studies with Criminology,EMPLOYMENT,,Employment 15 months after the course,16/10/2025,Updated
10007807,Ulster University,8401,01,Politics & International Studies with Criminology,GOVOICEWORK,,Graduate perceptions,16/10/2025,Updated
10007807,Ulster University,8401,01,Politics & International Studies with Criminology,JOBTYPE,,Employment 15 months after the course,16/10/2025,Updated
10007807,Ulster University,8401,01,Politics & International Studies with Criminology,GOSALARY,,Earnings after the course,16/10/2025,Updated
10007807,Ulster University,8522,02,Law with Politics and International Studies,COMMON,CAH15,Employment 15 months after the course,16/10/2025,Updated
10007807,Ulster University,8522,02,Law with Politics and International Studies,EMPLOYMENT,CAH15,Employment 15 months after the course,16/10/2025,Updated
10007807,Ulster University,8522,02,Law with Politics and International Studies,GOVOICEWORK,CAH15,Graduate perceptions,16/10/2025,Updated
10007807,Ulster University,8522,02,Law with Politics and International Studies,JOBTYPE,CAH15,Employment 15 months after the course,16/10/2025,Updated
10007807,Ulster University,8522,02,Law with Politics and International Studies,GOSALARY,CAH15,Earnings after the course,16/10/2025,Updated
10007807,Ulster University,8523,02,Sociology with Politics and International Studies,ENTRY,CAH15,Entry information,16/10/2025,Updated
10007807,Ulster University,8523,02,Sociology with Politics and International Studies,ENTRY,CAH15-01-02,Entry information,16/10/2025,Updated
10007807,Ulster University,8523,02,Sociology with Politics and International Studies,TARIFF,CAH15,Entry information,16/10/2025,Updated
10007807,Ulster University,8550,02,Criminology and Criminal Justice,ENTRY,CAH15-01-02,Entry information,16/10/2025,Updated
10007807,Ulster University,8550,02,Criminology and Criminal Justice,TARIFF,CAH15,Entry information,16/10/2025,Updated
10007807,Ulster University,8674,01,Law with Computing,ENTRY,CAH11-01,Entry information,16/10/2025,Updated
10007807,Ulster University,8674,01,Law with Computing,ENTRY,CAH16-01-01,Entry information,16/10/2025,Updated
10007807,Ulster University,8674,01,Law with Computing,TARIFF,CAH11-01,Entry information,16/10/2025,Updated
10007807,Ulster University,8674,01,Law with Computing,TARIFF,CAH16-01-01,Entry information,16/10/2025,Updated
10007807,Ulster University,8722,01,Games Design & Development,ENTRY,,Entry information,16/10/2025,Updated
10007807,Ulster University,8722,01,Games Design & Development,TARIFF,,Entry information,16/10/2025,Updated
10007807,Ulster University,8727,01,Event Management,ENTRY,,Entry information,16/10/2025,Updated
10007807,Ulster University,8727,01,Event Management,TARIFF,,Entry information,16/10/2025,New
10007807,Ulster University,8727,01,Event Management,TARIFF,CAH17-01-06,Entry information,16/10/2025,Removed
10007807,Ulster University,8728,02,Event Management,ENTRY,CAH17-01,Entry information,16/10/2025,Updated
10007807,Ulster University,8728,02,Event Management,TARIFF,CAH17-01,Entry information,16/10/2025,Updated
10007807,Ulster University,8749,01,International Tourism Management,ENTRY,,Entry information,16/10/2025,Updated
10007807,Ulster University,8749,01,International Tourism Management,NSS,,Student satisfaction,16/10/2025,Updated
10007807,Ulster University,8749,01,International Tourism Management,TARIFF,,Entry information,16/10/2025,Updated
10007807,Ulster University,8756,01,Business Studies with Computing,ENTRY,,Entry information,16/10/2025,Updated
10007807,Ulster University,8756,01,Business Studies with Computing,TARIFF,,Entry information,16/10/2025,Updated
10007807,Ulster University,8758,01,Business Studies with Irish,ENTRY,,Entry information,16/10/2025,New
10007807,Ulster University,8758,01,Business Studies with Irish,ENTRY,CAH17-01-02,Entry information,16/10/2025,Removed
10007807,Ulster University,8758,01,Business Studies with Irish,ENTRY,CAH19-02-04,Entry information,16/10/2025,Removed
10007807,Ulster University,8758,01,Business Studies with Irish,TARIFF,,Entry information,16/10/2025,New
10007807,Ulster University,8758,01,Business Studies with Irish,TARIFF,CAH17-01-02,Entry information,16/10/2025,Removed
10007807,Ulster University,8758,01,Business Studies with Irish,TARIFF,CAH19-02-04,Entry information,16/10/2025,Removed
10007807,Ulster University,8759,01,Business Studies with Drama,ENTRY,CAH17-01-02,Entry information,16/10/2025,Updated
10007807,Ulster University,8759,01,Business Studies with Drama,ENTRY,CAH25-02-03,Entry information,16/10/2025,Updated
10007807,Ulster University,8759,01,Business Studies with Drama,TARIFF,CAH17-01-02,Entry information,16/10/2025,Updated
10007807,Ulster University,8759,01,Business Studies with Drama,TARIFF,CAH25-02-03,Entry information,16/10/2025,Updated
10007807,Ulster University,8799,01,Biomedical Engineering,ENTRY,,Entry information,16/10/2025,Updated
10007807,Ulster University,8799,01,Biomedical Engineering,NSS,,Student satisfaction,16/10/2025,Updated
10007807,Ulster University,8799,01,Biomedical Engineering,NSSCOUNTRY,,Student satisfaction,16/10/2025,Updated
10007807,Ulster University,8799,01,Biomedical Engineering,TARIFF,,Entry information,16/10/2025,Updated
10007807,Ulster University,8800,01,Business Studies,CONTINUATION,,After 1 year on the course,16/10/2025,New
10007807,Ulster University,8800,01,Business Studies,CONTINUATION,CAH17-01-02,After 1 year on the course,16/10/2025,Removed
10007807,Ulster University,8803,02,Business Studies,COMMON,,Employment 15 months after the course,16/10/2025,Updated
10007807,Ulster University,8803,02,Business Studies,CONTINUATION,CAH17-01-02,After 1 year on the course,16/10/2025,Updated
10007807,Ulster University,8803,02,Business Studies,EMPLOYMENT,,Employment 15 months after the course,16/10/2025,Updated
10007807,Ulster University,8803,02,Business Studies,ENTRY,CAH17-01-02,Entry information,16/10/2025,Updated
10007807,Ulster University,8803,02,Business Studies,GOVOICEWORK,,Graduate perceptions,16/10/2025,Updated
10007807,Ulster University,8803,02,Business Studies,JOBTYPE,,Employment 15 months after the course,16/10/2025,Updated
10007807,Ulster University,8803,02,Business Studies,GOSALARY,,Earnings after the course,16/10/2025,Updated
10007807,Ulster University,8803,02,Business Studies,TARIFF,CAH17-01,Entry information,16/10/2025,Updated
10007807,Ulster University,8996,01,Respiratory and Sleep Physiology,COMMON,CAH02-05-04,Employment 15 months after the course,16/10/2025,Updated
10007807,Ulster University,8996,01,Respiratory and Sleep Physiology,EMPLOYMENT,CAH02-05-04,Employment 15 months after the course,16/10/2025,Updated
10007807,Ulster University,8996,01,Respiratory and Sleep Physiology,GOVOICEWORK,CAH02-05-04,Graduate perceptions,16/10/2025,Updated
10007807,Ulster University,8996,01,Respiratory and Sleep Physiology,JOBTYPE,CAH02-05-04,Employment 15 months after the course,16/10/2025,Updated
10007807,Ulster University,8996,01,Respiratory and Sleep Physiology,NHSNSS,,Student satisfaction,16/10/2025,Updated
10007807,Ulster University,8996,01,Respiratory and Sleep Physiology,NSS,,Student satisfaction,16/10/2025,New
10007807,Ulster University,8996,01,Respiratory and Sleep Physiology,NSS,CAH02-05-04,Student satisfaction,16/10/2025,Removed
10007807,Ulster University,8996,01,Respiratory and Sleep Physiology,NSSCOUNTRY,,Student satisfaction,16/10/2025,Updated
10007807,Ulster University,8996,01,Respiratory and Sleep Physiology,GOSALARY,CAH02-05-04,Earnings after the course,16/10/2025,Updated
10007807,Ulster University,8997,01,Cardiac Physiology,COMMON,CAH02-05-04,Employment 15 months after the course,16/10/2025,Updated
10007807,Ulster University,8997,01,Cardiac Physiology,EMPLOYMENT,,Employment 15 months after the course,16/10/2025,New
10007807,Ulster University,8997,01,Cardiac Physiology,EMPLOYMENT,CAH02-05-04,Employment 15 months after the course,16/10/2025,Removed
10007807,Ulster University,8997,01,Cardiac Physiology,GOVOICEWORK,CAH02-05-04,Graduate perceptions,16/10/2025,Updated
10007807,Ulster University,8997,01,Cardiac Physiology,JOBTYPE,CAH02-05-04,Employment 15 months after the course,16/10/2025,Updated
10007807,Ulster University,8997,01,Cardiac Physiology,NHSNSS,,Student satisfaction,16/10/2025,Updated
10007807,Ulster University,8997,01,Cardiac Physiology,NSS,,Student satisfaction,16/10/2025,New
10007807,Ulster University,8997,01,Cardiac Physiology,NSS,CAH02-05-04,Student satisfaction,16/10/2025,Removed
10007807,Ulster University,8997,01,Cardiac Physiology,NSSCOUNTRY,,Student satisfaction,16/10/2025,Updated
10007807,Ulster University,8997,01,Cardiac Physiology,GOSALARY,CAH02-05-04,Earnings after the course,16/10/2025,Updated
10007807,Ulster University,9005,01,Geography,KISCOURSE,N/A,All sections,16/10/2025,New
10007807,Ulster University,9006,01,Environmental Science with Education,KISCOURSE,N/A,All sections,16/10/2025,New
10007807,Ulster University,9007,01,Environmental Science,KISCOURSE,N/A,All sections,16/10/2025,New
10007807,Ulster University,9008,01,Geography with Education,KISCOURSE,N/A,All sections,16/10/2025,New
10007807,Ulster University,9009,01,Marine Science with optional placement year,KISCOURSE,N/A,All sections,16/10/2025,New
10007807,Ulster University,9060,02,Sociology with Criminology,KISCOURSE,N/A,All sections,16/10/2025,New
10007807,Ulster University,9061,02,Sociology with Politics and International Studies,KISCOURSE,N/A,All sections,16/10/2025,New
10007807,Ulster University,9062,02,Sociology with History,KISCOURSE,N/A,All sections,16/10/2025,New
10007807,Ulster University,9076,01,English with Digital Media Production,KISCOURSE,N/A,All sections,16/10/2025,New
10007807,Ulster University,9077,01,History with Digital Media Production,KISCOURSE,N/A,All sections,16/10/2025,New
10007807,Ulster University,3905,01,Environmental Science with Education,KISCOURSE,N/A,All sections,16/10/2025,Removed
10007807,Ulster University,3906,01,Environmental Science,KISCOURSE,N/A,All sections,16/10/2025,Removed
10007807,Ulster University,3923,01,Geography,KISCOURSE,N/A,All sections,16/10/2025,Removed
10007807,Ulster University,3937,01,Geography with Education,KISCOURSE,N/A,All sections,16/10/2025,Removed
10007807,Ulster University,4093,02,Irish Language,KISCOURSE,N/A,All sections,16/10/2025,Removed
10007807,Ulster University,8117,01,Marine Science with optional placement year,KISCOURSE,N/A,All sections,16/10/2025,Removed
10031239,LMA,31,01,Writing for the Creative Industries,KISCOURSE,N/A,All sections,16/10/2025,Removed
10003614,The University of Winchester,BIMTSINGW9F,01,Immersive Technologies,KISCOURSE,N/A,All sections,21/10/2025,Removed
10004048,London Metropolitan University,UDADIFFY,01,Art and Design (including foundation year),KISCOURSE,N/A,All sections,21/10/2025,Removed
10004048,London Metropolitan University,UDADIFFY,02,Art and Design (including foundation year),KISCOURSE,N/A,All sections,21/10/2025,Removed
10004048,London Metropolitan University,UDARCHFY,01,Architecture (including foundation year),KISCOURSE,N/A,All sections,21/10/2025,Removed
10004048,London Metropolitan University,UDARCHFY,02,Architecture (including foundation year),KISCOURSE,N/A,All sections,21/10/2025,Removed
10004048,London Metropolitan University,UDARIRFY,01,Artificial Intelligence and Robotics (including foundation year),KISCOURSE,N/A,All sections,21/10/2025,Removed
10004048,London Metropolitan University,UDARIRFY,02,Artificial Intelligence and Robotics (including foundation year),KISCOURSE,N/A,All sections,21/10/2025,Removed
10004048,London Metropolitan University,UDATTEFY,01,Architectural Technology (including foundation year),KISCOURSE,N/A,All sections,21/10/2025,Removed
10004048,London Metropolitan University,UDATTEFY,02,Architectural Technology (including foundation year),KISCOURSE,N/A,All sections,21/10/2025,Removed
10004048,London Metropolitan University,UDBDSVFY,01,Building Surveying (including foundation year),KISCOURSE,N/A,All sections,21/10/2025,Removed
10004048,London Metropolitan University,UDBDSVFY,02,Building Surveying (including foundation year),KISCOURSE,N/A,All sections,21/10/2025,Removed
10004048,London Metropolitan University,UDBMDSFY,01,Biomedical Science (including foundation year),KISCOURSE,N/A,All sections,21/10/2025,Removed
10004048,London Metropolitan University,UDBMDSFY,02,Biomedical Science (including foundation year),KISCOURSE,N/A,All sections,21/10/2025,Removed
10004048,London Metropolitan University,UDBMEGFY,01,Biomedical Engineering (including foundation year),KISCOURSE,N/A,All sections,21/10/2025,Removed
10004048,London Metropolitan University,UDBMEGFY,02,Biomedical Engineering (including foundation year),KISCOURSE,N/A,All sections,21/10/2025,Removed
10004048,London Metropolitan University,UDCISIFY,01,Computer Networking and Cloud Security (including foundation year),KISCOURSE,N/A,All sections,21/10/2025,Removed
10004048,London Metropolitan University,UDCISIFY,02,Computer Networking and Cloud Security (including foundation year),KISCOURSE,N/A,All sections,21/10/2025,Removed
10004048,London Metropolitan University,UDCMPSFY,01,Computer Science (including foundation year),KISCOURSE,N/A,All sections,21/10/2025,Removed
10004048,London Metropolitan University,UDCMPSFY,02,Computer Science (including foundation year),KISCOURSE,N/A,All sections,21/10/2025,Removed
10004048,London Metropolitan University,UDCMPTFY,01,Computing (including foundation year),KISCOURSE,N/A,All sections,21/10/2025,Removed
10004048,London Metropolitan University,UDCMPTFY,02,Computing (including foundation year),KISCOURSE,N/A,All sections,21/10/2025,Removed
10004048,London Metropolitan University,UDCOMNFY,01,Computer Networking and Cyber Security (including foundation year),KISCOURSE,N/A,All sections,21/10/2025,Removed
10004048,London Metropolitan University,UDCOMNFY,02,Computer Networking and Cyber Security (including foundation year),KISCOURSE,N/A,All sections,21/10/2025,Removed
10004048,London Metropolitan University,UDCONMFY,01,Construction Management (including foundation year),KISCOURSE,N/A,All sections,21/10/2025,Removed
10004048,London Metropolitan University,UDCONMFY,02,Construction Management (including foundation year),KISCOURSE,N/A,All sections,21/10/2025,Removed
10004048,London Metropolitan University,UDCRIMFY,01,Criminology (including foundation year),KISCOURSE,N/A,All sections,21/10/2025,Removed
10004048,London Metropolitan University,UDCRIMFY,02,Criminology (including foundation year),KISCOURSE,N/A,All sections,21/10/2025,Removed
10004048,London Metropolitan University,UDCSENFY,01,Computer Systems Engineering and Robotics (including foundation year),KISCOURSE,N/A,All sections,21/10/2025,Removed
10004048,London Metropolitan University,UDCSENFY,02,Computer Systems Engineering and Robotics (including foundation year),KISCOURSE,N/A,All sections,21/10/2025,Removed
10004048,London Metropolitan University,UDCWENFY,01,Creative Writing and English Literature (including foundation year),KISCOURSE,N/A,All sections,21/10/2025,Removed
10004048,London Metropolitan University,UDCWENFY,02,Creative Writing and English Literature (including foundation year),KISCOURSE,N/A,All sections,21/10/2025,Removed
10004048,London Metropolitan University,UDDGMDFY,01,Digital Media (including foundation year),KISCOURSE,N/A,All sections,21/10/2025,Removed
10004048,London Metropolitan University,UDDGMDFY,02,Digital Media (including foundation year),KISCOURSE,N/A,All sections,21/10/2025,Removed
10004048,London Metropolitan University,UDDIFOFY,01,Digital Forensics and Cyber Security (including foundation year),KISCOURSE,N/A,All sections,21/10/2025,Removed
10004048,London Metropolitan University,UDDIFOFY,02,Digital Forensics and Cyber Security (including foundation year),KISCOURSE,N/A,All sections,21/10/2025,Removed
10004048,London Metropolitan University,UDDTSCFY,01,Data Science (including foundation year),KISCOURSE,N/A,All sections,21/10/2025,Removed
10004048,London Metropolitan University,UDDTSCFY,02,Data Science (including foundation year),KISCOURSE,N/A,All sections,21/10/2025,Removed
10004048,London Metropolitan University,UDECHSFY,01,Early Childhood Studies (including foundation year),KISCOURSE,N/A,All sections,21/10/2025,Removed
10004048,London Metropolitan University,UDECHSFY,02,Early Childhood Studies (including foundation year),KISCOURSE,N/A,All sections,21/10/2025,Removed
10004048,London Metropolitan University,UDEDUCFY,01,Education (including foundation year),KISCOURSE,N/A,All sections,21/10/2025,Removed
10004048,London Metropolitan University,UDEDUCFY,02,Education (including foundation year),KISCOURSE,N/A,All sections,21/10/2025,Removed
10004048,London Metropolitan University,UDEEITFY,01,Electronic Engineering and Internet of Things (including foundation year),KISCOURSE,N/A,All sections,21/10/2025,Removed
10004048,London Metropolitan University,UDEEITFY,02,Electronic Engineering and Internet of Things (including foundation year),KISCOURSE,N/A,All sections,21/10/2025,Removed
10004048,London Metropolitan University,UDEVEMAN,01,Events Management,KISCOURSE,N/A,All sections,21/10/2025,Removed
10004048,London Metropolitan University,UDEVEMAN,02,Events Management,KISCOURSE,N/A,All sections,21/10/2025,Removed
10004048,London Metropolitan University,UDFAMJFY,01,Fashion Marketing and Journalism (including foundation year),KISCOURSE,N/A,All sections,21/10/2025,Removed
10004048,London Metropolitan University,UDFAMJFY,02,Fashion Marketing and Journalism (including foundation year),KISCOURSE,N/A,All sections,21/10/2025,Removed
10004048,London Metropolitan University,UDFAPHFY,01,Fashion Photography (including foundation year),KISCOURSE,N/A,All sections,21/10/2025,Removed
10004048,London Metropolitan University,UDFAPHFY,02,Fashion Photography (including foundation year),KISCOURSE,N/A,All sections,21/10/2025,Removed
10004048,London Metropolitan University,UDFINAFY,01,Fine Art (including foundation year),KISCOURSE,N/A,All sections,21/10/2025,Removed
10004048,London Metropolitan University,UDFINAFY,02,Fine Art (including foundation year),KISCOURSE,N/A,All sections,21/10/2025,Removed
10004048,London Metropolitan University,UDFITEFY,01,Film and Television Production (including foundation year),KISCOURSE,N/A,All sections,21/10/2025,Removed
10004048,London Metropolitan University,UDFITEFY,02,Film and Television Production (including foundation year),KISCOURSE,N/A,All sections,21/10/2025,Removed
10004048,London Metropolitan University,UDFMTSFY,01,Film and Television Studies (including foundation year),KISCOURSE,N/A,All sections,21/10/2025,Removed
10004048,London Metropolitan University,UDFMTSFY,02,Film and Television Studies (including foundation year),KISCOURSE,N/A,All sections,21/10/2025,Removed
10004048,London Metropolitan University,UDFRNSFY,01,Forensic Science (including foundation year),KISCOURSE,N/A,All sections,21/10/2025,Removed
10004048,London Metropolitan University,UDFRNSFY,02,Forensic Science (including foundation year),KISCOURSE,N/A,All sections,21/10/2025,Removed
10004048,London Metropolitan University,UDFSHNFY,01,Fashion (including foundation year),KISCOURSE,N/A,All sections,21/10/2025,Removed
10004048,London Metropolitan University,UDFSHNFY,02,Fashion (including foundation year),KISCOURSE,N/A,All sections,21/10/2025,Removed
10004048,London Metropolitan University,UDFSNTFY,01,Fashion Textiles (including foundation year),KISCOURSE,N/A,All sections,21/10/2025,Removed
10004048,London Metropolitan University,UDFSNTFY,02,Fashion Textiles (including foundation year),KISCOURSE,N/A,All sections,21/10/2025,Removed
10004048,London Metropolitan University,UDGAMAFY,01,"Games Modelling ,Animation and Effects (including foundation year)",KISCOURSE,N/A,All sections,21/10/2025,Removed
10004048,London Metropolitan University,UDGAMAFY,02,"Games Modelling ,Animation and Effects (including foundation year)",KISCOURSE,N/A,All sections,21/10/2025,Removed
10004048,London Metropolitan University,UDGAPRFY,01,Games Programming (including foundation year),KISCOURSE,N/A,All sections,21/10/2025,Removed
10004048,London Metropolitan University,UDGAPRFY,02,Games Programming (including foundation year),KISCOURSE,N/A,All sections,21/10/2025,Removed
10004048,London Metropolitan University,UDGRPDFY,01,Graphic Design (including foundation year),KISCOURSE,N/A,All sections,21/10/2025,Removed
10004048,London Metropolitan University,UDGRPDFY,02,Graphic Design (including foundation year),KISCOURSE,N/A,All sections,21/10/2025,Removed
10004048,London Metropolitan University,UDHSCAFY,01,Health and Social Care (including foundation year),KISCOURSE,N/A,All sections,21/10/2025,Removed
10004048,London Metropolitan University,UDHSCAFY,02,Health and Social Care (including foundation year),KISCOURSE,N/A,All sections,21/10/2025,Removed
10004048,London Metropolitan University,UDHUMNFY,01,Human Nutrition (including foundation year),KISCOURSE,N/A,All sections,21/10/2025,Removed
10004048,London Metropolitan University,UDHUMNFY,02,Human Nutrition (including foundation year),KISCOURSE,N/A,All sections,21/10/2025,Removed
10004048,London Metropolitan University,UDILLAFY,01,Illustration and Animation (including foundation year),KISCOURSE,N/A,All sections,21/10/2025,Removed
10004048,London Metropolitan University,UDILLAFY,02,Illustration and Animation (including foundation year),KISCOURSE,N/A,All sections,21/10/2025,Removed
10004048,London Metropolitan University,UDINADFY,01,Interior Architecture and Design (including foundation year),KISCOURSE,N/A,All sections,21/10/2025,Removed
10004048,London Metropolitan University,UDINADFY,02,Interior Architecture and Design (including foundation year),KISCOURSE,N/A,All sections,21/10/2025,Removed
10004048,London Metropolitan University,UDINBUSM,01,International Business Management,KISCOURSE,N/A,All sections,21/10/2025,Removed
10004048,London Metropolitan University,UDINBUSM,02,International Business Management,KISCOURSE,N/A,All sections,21/10/2025,Removed
10004048,London Metropolitan University,UDINDDFY,01,Interior Design and Decoration (including foundation year),KISCOURSE,N/A,All sections,21/10/2025,Removed
10004048,London Metropolitan University,UDINDDFY,02,Interior Design and Decoration (including foundation year),KISCOURSE,N/A,All sections,21/10/2025,Removed
10004048,London Metropolitan University,UDINDEFY,01,Interior Design (including foundation year),KISCOURSE,N/A,All sections,21/10/2025,Removed
10004048,London Metropolitan University,UDINDEFY,02,Interior Design (including foundation year),KISCOURSE,N/A,All sections,21/10/2025,Removed
10004048,London Metropolitan University,UDINTRFY,01,International Relations (including foundation year),KISCOURSE,N/A,All sections,21/10/2025,Removed
10004048,London Metropolitan University,UDINTRFY,02,International Relations (including foundation year),KISCOURSE,N/A,All sections,21/10/2025,Removed
10004048,London Metropolitan University,UDJFTSFY,01,"Journalism, Film and Television Studies (including foundation year)",KISCOURSE,N/A,All sections,21/10/2025,Removed
10004048,London Metropolitan University,UDJFTSFY,02,"Journalism, Film and Television Studies (including foundation year)",KISCOURSE,N/A,All sections,21/10/2025,Removed
10004048,London Metropolitan University,UDJOURFY,01,Journalism (including foundation year),KISCOURSE,N/A,All sections,21/10/2025,Removed
10004048,London Metropolitan University,UDJOURFY,02,Journalism (including foundation year),KISCOURSE,N/A,All sections,21/10/2025,Removed
10004048,London Metropolitan University,UDMASCFY,01,Mathematical Sciences (including foundation year),KISCOURSE,N/A,All sections,21/10/2025,Removed
10004048,London Metropolitan University,UDMASCFY,02,Mathematical Sciences (including foundation year),KISCOURSE,N/A,All sections,21/10/2025,Removed
10004048,London Metropolitan University,UDMATHFY,01,Mathematics (including foundation year),KISCOURSE,N/A,All sections,21/10/2025,Removed
10004048,London Metropolitan University,UDMATHFY,02,Mathematics (including foundation year),KISCOURSE,N/A,All sections,21/10/2025,Removed
10004048,London Metropolitan University,UDMECOFY,01,Media and Communications (including foundation year),KISCOURSE,N/A,All sections,21/10/2025,Removed
10004048,London Metropolitan University,UDMECOFY,02,Media and Communications (including foundation year),KISCOURSE,N/A,All sections,21/10/2025,Removed
10004048,London Metropolitan University,UDMUSPFY,01,Music Technology and Production (including foundation year),KISCOURSE,N/A,All sections,21/10/2025,Removed
10004048,London Metropolitan University,UDMUSPFY,02,Music Technology and Production (including foundation year),KISCOURSE,N/A,All sections,21/10/2025,Removed
10004048,London Metropolitan University,UDPHARFY,01,Pharmacology (including foundation year),KISCOURSE,N/A,All sections,21/10/2025,Removed
10004048,London Metropolitan University,UDPHARFY,02,Pharmacology (including foundation year),KISCOURSE,N/A,All sections,21/10/2025,Removed
10004048,London Metropolitan University,UDPHMSFY,01,Pharmaceutical Science (including foundation year),KISCOURSE,N/A,All sections,21/10/2025,Removed
10004048,London Metropolitan University,UDPHMSFY,02,Pharmaceutical Science (including foundation year),KISCOURSE,N/A,All sections,21/10/2025,Removed
10004048,London Metropolitan University,UDPHOTFY,01,Photography (including foundation year),KISCOURSE,N/A,All sections,21/10/2025,Removed
10004048,London Metropolitan University,UDPHOTFY,02,Photography (including foundation year),KISCOURSE,N/A,All sections,21/10/2025,Removed
10004048,London Metropolitan University,UDPSYCFY,01,Psychology (including foundation year),KISCOURSE,N/A,All sections,21/10/2025,Removed
10004048,London Metropolitan University,UDPSYCFY,02,Psychology (including foundation year),KISCOURSE,N/A,All sections,21/10/2025,Removed
10004048,London Metropolitan University,UDQSCMFY,01,Quantity Surveying and Commercial Management (including foundation year),KISCOURSE,N/A,All sections,21/10/2025,Removed
10004048,London Metropolitan University,UDQSCMFY,02,Quantity Surveying and Commercial Management (including foundation year),KISCOURSE,N/A,All sections,21/10/2025,Removed
10004048,London Metropolitan University,UDRLESFY,01,Real Estate (including foundation year),KISCOURSE,N/A,All sections,21/10/2025,Removed
10004048,London Metropolitan University,UDRLESFY,02,Real Estate (including foundation year),KISCOURSE,N/A,All sections,21/10/2025,Removed
10004048,London Metropolitan University,UDSCLOFY,01,Sociology (including foundation year),KISCOURSE,N/A,All sections,21/10/2025,Removed
10004048,London Metropolitan University,UDSCLOFY,02,Sociology (including foundation year),KISCOURSE,N/A,All sections,21/10/2025,Removed
10004048,London Metropolitan University,UDSOWKFY,01,Social Work (including foundation year),KISCOURSE,N/A,All sections,21/10/2025,Removed
10004048,London Metropolitan University,UDSOWKFY,02,Social Work (including foundation year),KISCOURSE,N/A,All sections,21/10/2025,Removed
10004048,London Metropolitan University,UDSPCOFY,01,Sport Psychology and Coaching (including foundation year),KISCOURSE,N/A,All sections,21/10/2025,Removed
10004048,London Metropolitan University,UDSPCOFY,02,Sport Psychology and Coaching (including foundation year),KISCOURSE,N/A,All sections,21/10/2025,Removed
10004048,London Metropolitan University,UDSPEXFY,01,Sport and Exercise Science (including foundation year),KISCOURSE,N/A,All sections,21/10/2025,Removed
10004048,London Metropolitan University,UDSPEXFY,02,Sport and Exercise Science (including foundation year),KISCOURSE,N/A,All sections,21/10/2025,Removed
10004048,London Metropolitan University,UDSPOTFY,01,Sports Therapy (including foundation year),KISCOURSE,N/A,All sections,21/10/2025,Removed
10004048,London Metropolitan University,UDSPOTFY,02,Sports Therapy (including foundation year),KISCOURSE,N/A,All sections,21/10/2025,Removed
10004048,London Metropolitan University,UDTEXTFY,01,Textiles (including foundation year),KISCOURSE,N/A,All sections,21/10/2025,Removed
10004048,London Metropolitan University,UDTEXTFY,02,Textiles (including foundation year),KISCOURSE,N/A,All sections,21/10/2025,Removed
10007157,The University of Sheffield,F106,01,Chemistry,KISCOURSE,N/A,All sections,21/10/2025,New
10007157,The University of Sheffield,F309,01,Physics,KISCOURSE,N/A,All sections,21/10/2025,New
10007157,The University of Sheffield,G401,01,Computer Science,KISCOURSE,N/A,All sections,21/10/2025,New
10007157,The University of Sheffield,G500,01,Computer Systems Engineering,KISCOURSE,N/A,All sections,21/10/2025,New
10007157,The University of Sheffield,G651,01,Computer Science (Software Engineering),KISCOURSE,N/A,All sections,21/10/2025,New
10007157,The University of Sheffield,H101,01,General Engineering,KISCOURSE,N/A,All sections,21/10/2025,New
10007157,The University of Sheffield,H160,01,Biomedical Engineering,KISCOURSE,N/A,All sections,21/10/2025,New
10007157,The University of Sheffield,H201,01,Civil and Structural Engineering,KISCOURSE,N/A,All sections,21/10/2025,New
10007157,The University of Sheffield,H301,01,Mechanical Engineering,KISCOURSE,N/A,All sections,21/10/2025,New
10007157,The University of Sheffield,H407,01,Aerospace Engineering,KISCOURSE,N/A,All sections,21/10/2025,New
10007157,The University of Sheffield,H602,01,Electrical and Electronic Engineering,KISCOURSE,N/A,All sections,21/10/2025,New
10007157,The University of Sheffield,H653,01,Mechatronic and Robotic Engineering,KISCOURSE,N/A,All sections,21/10/2025,New
10007157,The University of Sheffield,H801,01,Chemical Engineering,KISCOURSE,N/A,All sections,21/10/2025,New
10007157,The University of Sheffield,L202,01,Politics and International Relations,KISCOURSE,N/A,All sections,21/10/2025,New
10007157,The University of Sheffield,H200,01,Civil Engineering,KISCOURSE,N/A,All sections,21/10/2025,Removed
10007157,The University of Sheffield,H655,01,Electronics and Computer Engineering,KISCOURSE,N/A,All sections,21/10/2025,Removed
10087170,QAHE (LM) LIMITED,UDHSCAFYQA,01,Health and Social Care (including foundation year),KISCOURSE,N/A,All sections,21/10/2025,Removed
10087170,QAHE (LM) LIMITED,UDHSCAFYQA,02,Health and Social Care (including foundation year),KISCOURSE,N/A,All sections,21/10/2025,Removed
10006427,University for the Creative Arts,EEF0FBAH,01,Events and Festivals Management with Integrated Foundation Year,KISCOURSE,N/A,All sections,28/10/2025,Removed
10006427,University for the Creative Arts,EEF4FBAH,01,Events and Festivals Management with Professional Practice Year,KISCOURSE,N/A,All sections,28/10/2025,Removed
10006427,University for the Creative Arts,EEF5FBAH,01,Events and Festivals Management with Integrated Foundation Year and Professional Practice Year,KISCOURSE,N/A,All sections,28/10/2025,Removed
10006427,University for the Creative Arts,EEFMFBAH,01,Events and Festivals Management,KISCOURSE,N/A,All sections,28/10/2025,Removed
10006427,University for the Creative Arts,EFH4FBAH,01,Fashion Photography with Professional Practice Year,KISCOURSE,N/A,All sections,28/10/2025,Removed
10006427,University for the Creative Arts,EFP0FBAH,01,Fashion Photography with Integrated Foundation Year,KISCOURSE,N/A,All sections,28/10/2025,Removed
10006427,University for the Creative Arts,EFP5FBAH,01,Fashion Photography with Integrated Foundation Year and Professional Practice Year,KISCOURSE,N/A,All sections,28/10/2025,Removed
10006427,University for the Creative Arts,EFPHFBAH,01,Fashion Photography,KISCOURSE,N/A,All sections,28/10/2025,Removed
10006427,University for the Creative Arts,ETE0FBAH,01,Textiles with Integrated Foundation Year,KISCOURSE,N/A,All sections,28/10/2025,Removed
10006427,University for the Creative Arts,ETE4FBAH,01,Textiles with Professional Practice Year,KISCOURSE,N/A,All sections,28/10/2025,Removed
10006427,University for the Creative Arts,ETE5FBAH,01,Textiles with Integrated Foundation Year and Professional Practice Year,KISCOURSE,N/A,All sections,28/10/2025,Removed
10006427,University for the Creative Arts,ETEXFBAH,01,Textiles,KISCOURSE,N/A,All sections,28/10/2025,Removed
10007156,The University of Salford,S_CNW_F,01,Computer Networks,KISCOURSE,N/A,All sections,28/10/2025,Removed
10007156,The University of Salford,S_NADFY_F,01,Adult Nursing with a Health Care Foundation Year,KISCOURSE,N/A,All sections,28/10/2025,Removed
10007156,The University of Salford,S_NCYFY_F,01,Children and Young Peoples Nursing with a Health Care Foundation Year,KISCOURSE,N/A,All sections,28/10/2025,Removed
10007156,The University of Salford,S_NMEFY_F,01,Mental Health Nursing with a Health Care Foundation Year,KISCOURSE,N/A,All sections,28/10/2025,Removed
10007156,The University of Salford,S_PHA_F,01,Psychology of Human and Animal Behaviour,KISCOURSE,N/A,All sections,28/10/2025,Removed
10066551,LCCM AU UK LIMITED,HMB0FBAH,02,Music Business Management with Integrated Foundation Year,KISCOURSE,N/A,All sections,28/10/2025,Removed
10066551,LCCM AU UK LIMITED,HMP0FBMH,02,Music Performance and Production with Integrated Foundation Year,KISCOURSE,N/A,All sections,28/10/2025,Removed
10005553,Royal Holloway and Bedford New College,3866,01,Business and Management (Accelerated 2 Year Degree),KISCOURSE,N/A,All sections,04/11/2025,New
10005553,Royal Holloway and Bedford New College,3881,01,"Psychology, Clinical and Mental Health Psychology",KISCOURSE,N/A,All sections,04/11/2025,New
10005553,Royal Holloway and Bedford New College,3882,01,"Psychology, Social and Applied Psychology",KISCOURSE,N/A,All sections,04/11/2025,New
10005553,Royal Holloway and Bedford New College,3883,01,"Psychology, Lifespan and Developmental Psychology",KISCOURSE,N/A,All sections,04/11/2025,New
10005553,Royal Holloway and Bedford New College,3886,01,Health Sciences,KISCOURSE,N/A,All sections,04/11/2025,New
10005553,Royal Holloway and Bedford New College,3891,01,Drama and Theatre,KISCOURSE,N/A,All sections,04/11/2025,New
10005553,Royal Holloway and Bedford New College,3892,01,Drama and Theatre with Integrated Foundation Year,KISCOURSE,N/A,All sections,04/11/2025,New
10005553,Royal Holloway and Bedford New College,1081,01,Drama and Theatre Studies,KISCOURSE,N/A,All sections,04/11/2025,Removed
10005553,Royal Holloway and Bedford New College,2410,01,Ancient History and Philosophy,KISCOURSE,N/A,All sections,04/11/2025,Removed
10005553,Royal Holloway and Bedford New College,2433,01,Comparative Literature and Culture with Philosophy,KISCOURSE,N/A,All sections,04/11/2025,Removed
10005553,Royal Holloway and Bedford New College,2531,01,Applied Psychology,KISCOURSE,N/A,All sections,04/11/2025,Removed
10005553,Royal Holloway and Bedford New College,2532,01,"Psychology, Clinical Psychology & Mental Health",KISCOURSE,N/A,All sections,04/11/2025,Removed
10005553,Royal Holloway and Bedford New College,2533,01,"Psychology, Development & Developmental Disorders",KISCOURSE,N/A,All sections,04/11/2025,Removed
10005553,Royal Holloway and Bedford New College,3327,01,Modern Languages and Management,KISCOURSE,N/A,All sections,04/11/2025,Removed
10005553,Royal Holloway and Bedford New College,3443,01,Drama and Theatre Studies with Integrated Foundation Year,KISCOURSE,N/A,All sections,04/11/2025,Removed
10005553,Royal Holloway and Bedford New College,3676,01,Health Studies,KISCOURSE,N/A,All sections,04/11/2025,Removed
10007138,The University of Northampton,UBAHGRDES3FUN,01,Graphic Design,KISCOURSE,N/A,All sections,04/11/2025,New
10007148,The University of Huddersfield,00007842,01,Fashion Design with Marketing,KISCOURSE,N/A,All sections,04/11/2025,New
10007148,The University of Huddersfield,00008844,01,Graphic Design with Animation,KISCOURSE,N/A,All sections,04/11/2025,New
10007855,Swansea University,BAHA4XIIPOIAAME,01,International Relations and American Studies,KISCOURSE,N/A,All sections,04/11/2025,New
10007855,Swansea University,BSHS4FXFBIMS,01,Marine Biology with a Foundation Year,KISCOURSE,N/A,All sections,04/11/2025,New
10007855,Swansea University,BSHS4FXFBIZS,01,Zoology with a Foundation Year,KISCOURSE,N/A,All sections,04/11/2025,New
10007855,Swansea University,BAHA3XXXALEAALO,01,English Language and TESOL,KISCOURSE,N/A,All sections,04/11/2025,Removed
10007855,Swansea University,BAHA3XXXALEASCE,01,English Language and Media,KISCOURSE,N/A,All sections,04/11/2025,Removed
10007855,Swansea University,BAHA3XXXENLWENC,01,English Literature with Creative Writing,KISCOURSE,N/A,All sections,04/11/2025,Removed
10007855,Swansea University,BAHA3XXXGEOS,01,Geography,KISCOURSE,N/A,All sections,04/11/2025,Removed
10007855,Swansea University,BAHA4FXFENLWENC,01,English Literature with Creative Writing with a Foundation Year,KISCOURSE,N/A,All sections,04/11/2025,Removed
10007855,Swansea University,BAHA4XIIALEAALO,01,English Language and TESOL,KISCOURSE,N/A,All sections,04/11/2025,Removed
10007855,Swansea University,BAHA4XIIALEASCE,01,English Language and Media,KISCOURSE,N/A,All sections,04/11/2025,Removed
10007855,Swansea University,BAHA4XIIENLWENC,01,English Literature with Creative Writing,KISCOURSE,N/A,All sections,04/11/2025,Removed
10007855,Swansea University,BAHA4XSSALEAALO,01,English Language and TESOL,KISCOURSE,N/A,All sections,04/11/2025,Removed
10007855,Swansea University,BAHA4XSSALEASCE,01,English Language and Media,KISCOURSE,N/A,All sections,04/11/2025,Removed
10007855,Swansea University,BAHA4XSSENLWENC,01,English Literature with Creative Writing,KISCOURSE,N/A,All sections,04/11/2025,Removed
10007855,Swansea University,BAHS4XIIGEOS,01,Geography,KISCOURSE,N/A,All sections,04/11/2025,Removed
10007855,Swansea University,BAHS4XSSGEOS,01,Geography,KISCOURSE,N/A,All sections,04/11/2025,Removed
10007855,Swansea University,BEHE3XXXEGVS,01,General Engineering,KISCOURSE,N/A,All sections,04/11/2025,Removed
10007855,Swansea University,BEHE4FXFEGVS,01,General Engineering with a Foundation Year,KISCOURSE,N/A,All sections,04/11/2025,Removed
10007855,Swansea University,BEHE4XIIEGVS,01,General Engineering,KISCOURSE,N/A,All sections,04/11/2025,Removed
10007855,Swansea University,BEHE4XSSEGVS,01,General Engineering,KISCOURSE,N/A,All sections,04/11/2025,Removed
10007855,Swansea University,BSHA3XXXALIS,01,English Language and Applied Linguistics,KISCOURSE,N/A,All sections,04/11/2025,Removed
10007855,Swansea University,BSHA4XIIALIS,01,English Language and Applied Linguistics,KISCOURSE,N/A,All sections,04/11/2025,Removed
10007855,Swansea University,BSHA4XIISPOS,01,Social Policy,KISCOURSE,N/A,All sections,04/11/2025,Removed
10007855,Swansea University,BSHA4XSSALIS,01,English Language and Applied Linguistics,KISCOURSE,N/A,All sections,04/11/2025,Removed
10007855,Swansea University,BSHA4XSSSPOS,01,Social Policy,KISCOURSE,N/A,All sections,04/11/2025,Removed
10007855,Swansea University,BSHB3XXXAFAS,01,Accounting,KISCOURSE,N/A,All sections,04/11/2025,Removed
10007855,Swansea University,BSHB3XXXAFTS,01,Finance (FinTech),KISCOURSE,N/A,All sections,04/11/2025,Removed
10007855,Swansea University,BSHB4FXFAFAS,01,Accounting with a Foundation Year,KISCOURSE,N/A,All sections,04/11/2025,Removed
10007855,Swansea University,BSHB4FXFAFTS,01,Finance (FinTech) with a Foundation Year,KISCOURSE,N/A,All sections,04/11/2025,Removed
10007855,Swansea University,BSHB4XIIAFAS,01,Accounting,KISCOURSE,N/A,All sections,04/11/2025,Removed
10007855,Swansea University,BSHB4XIIFAFTS,01,Finance (FinTech),KISCOURSE,N/A,All sections,04/11/2025,Removed
10007855,Swansea University,BSHB4XSSAFAS,01,Accounting,KISCOURSE,N/A,All sections,04/11/2025,Removed
10007855,Swansea University,BSHB4XSSFAFTS,01,Finance (FinTech),KISCOURSE,N/A,All sections,04/11/2025,Removed
10007855,Swansea University,BSHD3XXXSPOS,01,Social Policy,KISCOURSE,N/A,All sections,04/11/2025,Removed
10007855,Swansea University,BSHH4FXFSPOS,01,Social Policy with a Foundation Year,KISCOURSE,N/A,All sections,04/11/2025,Removed
10007855,Swansea University,BSHS3XXXCSDS,01,Digital Technology,KISCOURSE,N/A,All sections,04/11/2025,Removed
10007713,York St John University,U1BABSDLS,01,"British Sign Language, Deaf Studies and Linguistics",KISCOURSE,N/A,All sections,11/11/2025,New
10007760,Birkbeck College,UBAARTHM_C,02,Arts and Humanities,KISCOURSE,N/A,All sections,11/11/2025,New
10007760,Birkbeck College,UBACMPSY_C,02,Criminology and Psychological Studies,KISCOURSE,N/A,All sections,11/11/2025,New
10007760,Birkbeck College,UBAJRMED_C,02,Journalism and Media,KISCOURSE,N/A,All sections,11/11/2025,New
10007760,Birkbeck College,UBAPSYCO_C,02,Psychological Studies with Counselling,KISCOURSE,N/A,All sections,11/11/2025,New
10007760,Birkbeck College,UBFJRMED_C,02,Journalism and Media with Foundation Year,KISCOURSE,N/A,All sections,11/11/2025,New
10007760,Birkbeck College,UBSBMHRM_C,02,Business Management with Human Resource Management,KISCOURSE,N/A,All sections,11/11/2025,New
10007760,Birkbeck College,UBSBMINB_C,02,Business Management with International Business,KISCOURSE,N/A,All sections,11/11/2025,New
10007760,Birkbeck College,UBSBMINV_C,02,Business Management with Innivation and Entrepreneurship,KISCOURSE,N/A,All sections,11/11/2025,New
10007760,Birkbeck College,UBSBSMAN_C,02,Business Management,KISCOURSE,N/A,All sections,11/11/2025,New
10007760,Birkbeck College,UBSPSCIA_C,02,Planetary Science with Astronomy,KISCOURSE,N/A,All sections,11/11/2025,New
10007760,Birkbeck College,UUBAARTH_C,01,Arts and Humanities,KISCOURSE,N/A,All sections,11/11/2025,New
10007760,Birkbeck College,UUBACMPY_C,01,Criminology and Psychological Studies,KISCOURSE,N/A,All sections,11/11/2025,New
10007760,Birkbeck College,UUBAPSCO_C,01,Psychological Studies with Counselling,KISCOURSE,N/A,All sections,11/11/2025,New
10007760,Birkbeck College,UUBFACCE_C,01,Accounting and Economics with Foundation Year,KISCOURSE,N/A,All sections,11/11/2025,New
10007760,Birkbeck College,UUBFARTH_C,01,Arts and Humanities with Foundation Year,KISCOURSE,N/A,All sections,11/11/2025,New
10007760,Birkbeck College,UUBFBMHR_C,01,Business Management with Human Resources,KISCOURSE,N/A,All sections,11/11/2025,New
10007760,Birkbeck College,UUBFBMIB_C,01,Business Management with International Business,KISCOURSE,N/A,All sections,11/11/2025,New
10007760,Birkbeck College,UUBFBMIN_C,01,Business Management with Innovation and Entrepreneurship,KISCOURSE,N/A,All sections,11/11/2025,New
10007760,Birkbeck College,UUBFBSMN_C,01,Business Management with Foundation Year,KISCOURSE,N/A,All sections,11/11/2025,New
10007760,Birkbeck College,UUBFCMPY_C,01,Criminology and Psychological Studies with Foundation Year,KISCOURSE,N/A,All sections,11/11/2025,New
10007760,Birkbeck College,UUBFPSCA_C,01,Planetary Science with Astronomy with Foundation Year,KISCOURSE,N/A,All sections,11/11/2025,New
10007760,Birkbeck College,UUBSACCE_C,01,Accounting and Economics,KISCOURSE,N/A,All sections,11/11/2025,New
10007760,Birkbeck College,UUBSACCP_C,01,Accounting with Placement,KISCOURSE,N/A,All sections,11/11/2025,New
10007760,Birkbeck College,UUBSACEP_C,01,Accounting and Economics with Placement,KISCOURSE,N/A,All sections,11/11/2025,New
10007760,Birkbeck College,UUBSBMBP_C,01,Business Management with International Business with Placement,KISCOURSE,N/A,All sections,11/11/2025,New
10007760,Birkbeck College,UUBSBMEP_C,01,Business Management with Innovation and Entrepreneurship wth Placement,KISCOURSE,N/A,All sections,11/11/2025,New
10007760,Birkbeck College,UUBSBMHP_C,01,Business Management with Human Resources with Placement,KISCOURSE,N/A,All sections,11/11/2025,New
10007760,Birkbeck College,UUBSBMHR_C,01,Business Management with Human Resources,KISCOURSE,N/A,All sections,11/11/2025,New
10007760,Birkbeck College,UUBSBMIB_C,01,Business Management with International Business,KISCOURSE,N/A,All sections,11/11/2025,New
10007760,Birkbeck College,UUBSBMIN_C,01,Business Management with Innovation and Entrepreneurship,KISCOURSE,N/A,All sections,11/11/2025,New
10007760,Birkbeck College,UUBSBSMN_C,01,Business Management,KISCOURSE,N/A,All sections,11/11/2025,New
10007760,Birkbeck College,UUBSBSMP_C,01,Business Management with Placement,KISCOURSE,N/A,All sections,11/11/2025,New
10007760,Birkbeck College,UUBSBUAP_C,01,Business Analytics with Placement,KISCOURSE,N/A,All sections,11/11/2025,New
10007760,Birkbeck College,UUBSBUPP_C,01,Business Psychology with Placement,KISCOURSE,N/A,All sections,11/11/2025,New
10007760,Birkbeck College,UUBSCMSP_C,01,Computer Science with Placement,KISCOURSE,N/A,All sections,11/11/2025,New
10007760,Birkbeck College,UUBSPSCA_C,01,Planetary Science with Astronomy,KISCOURSE,N/A,All sections,11/11/2025,New
10007760,Birkbeck College,UUBFPEXA_C,01,Planetary Exploration with Astronomy and Astrobiology with Foundation Year,KISCOURSE,N/A,All sections,11/11/2025,Removed
10007773,The Open University,R86,02,Counselling,KISCOURSE,N/A,All sections,11/11/2025,Removed
